Unnamed: 0,im,L,k,MSE,SNR,PSNR
0,airplane_256,0,0,0.0,inf,inf
1,airplane_256,0,1,0.0,inf,inf
2,airplane_256,0,2,0.0,inf,inf
3,airplane_256,0,3,0.0,inf,inf
4,airplane_256,0,4,0.0,inf,inf
5,airplane_256,8,0,1.3349456787109375,87.04376650245179,46.876167670145605
6,airplane_256,8,1,0.9019622802734376,128.8287797533454,48.57891984979665
7,airplane_256,8,2,1.2628326416015625,92.01433042133372,47.11734561892087
8,airplane_256,8,3,1.430084228515625,81.25304624314462,46.57718743750892
9,airplane_256,8,4,1.71429443359375,67.78223021326592,45.78994945904197
10,airplane_256,16,0,1.457000732421875,79.75198458412751,46.49620590781724
11,airplane_256,16,1,1.7618408203125,65.95300699785214,45.67113692877439
12,airplane_256,16,2,1.3499603271484375,86.07564060539612,46.82759355301562
13,airplane_256,16,3,1.75238037109375,66.30906272857094,45.69451980989377
14,airplane_256,16,4,1.86578369140625,62.27876279891393,45.4221906822805
15,airplane_256,24,0,1.610198974609375,72.16418702499858,46.062008151245415
16,airplane_256,24,1,2.02703857421875,57.32436542109542,45.06218347541973
17,airplane_256,24,2,1.587432861328125,73.19912720841263,46.12384994507872
18,airplane_256,24,3,2.462493896484375,47.18740627827143,44.21705198135395
19,airplane_256,24,4,2.3489990234375,49.46732578080341,44.42197524641941
20,airplane_256,32,0,2.92169189453125,39.771031356410205,43.47445945149176
21,airplane_256,32,1,1.759490966796875,66.04108923770706,45.67693319353047
22,airplane_256,32,2,2.1861572265625,53.15203249762689,44.7339896804241
23,airplane_256,32,3,2.4605865478515625,47.22398407510992,44.22041715499718
24,airplane_256,32,4,2.92816162109375,39.68315789473685,43.46485316756138
25,airplane_256,40,0,2.889312744140625,40.21672634325127,43.52285807703743
26,airplane_256,40,1,2.979598999023437,38.99810007630421,43.38922541164053
27,airplane_256,40,2,2.940704345703125,39.51390085200444,43.44628997525105
28,airplane_256,40,3,2.4644317626953125,47.15030122160375,44.21363563329557
29,airplane_256,40,4,2.2840118408203125,50.87482379663961,44.5438200981004
30,airplane_256,48,0,3.143402099609375,36.965903905711485,43.15680421952824
31,airplane_256,48,1,2.568939208984375,45.23217191936231,44.03326533563421
32,airplane_256,48,2,3.450653076171875,33.67440811525502,42.75179062740686
33,airplane_256,48,3,2.7938995361328125,41.59014969880012,43.66869575298619
34,airplane_256,48,4,3.4605865478515625,33.577747108596824,42.73930645628276
35,airplane_256,56,0,3.0171661376953125,38.51252952213338,43.33481135977058
36,airplane_256,56,1,3.4668121337890625,33.51744930700129,42.73150052949432
37,airplane_256,56,2,2.6579742431640625,43.71701503504733,43.885295927284346
38,airplane_256,56,3,3.1484832763671875,36.90624651665463,43.14978970042831
39,airplane_256,56,4,3.308334350585937,35.12302193113945,42.9347096661475
40,airplane_256,64,0,2.94110107421875,39.50857077635047,43.4457041109012
41,airplane_256,64,1,3.5574493408203125,32.663486902775574,42.61941636555396
42,airplane_256,64,2,2.9382476806640625,39.54693837277538,43.44991958858235
43,airplane_256,64,3,3.608489990234375,32.201474928748425,42.55754855943002
44,airplane_256,64,4,3.18695068359375,36.46077755434262,43.09705017823678
45,airplane_256,72,0,3.548431396484375,32.74649752741346,42.63043947644074
46,airplane_256,72,1,3.4226531982421875,33.94989010597084,42.78717464569645
47,airplane_256,72,2,3.634475708007813,31.97124132516615,42.52638590388553
48,airplane_256,72,3,3.271331787109375,35.52030411866225,42.98355767215763
49,airplane_256,72,4,3.535308837890625,32.86804782252148,42.64653001933575
50,airplane_256,80,0,4.2364349365234375,27.42841603665191,41.86079820000101
51,airplane_256,80,1,3.855316162109375,30.13986274152821,42.27020361923409
52,airplane_256,80,2,4.132125854492188,28.120803683858743,41.96906820266431
53,airplane_256,80,3,4.2150421142578125,27.56762490180533,41.88278442666721
54,airplane_256,80,4,3.8786468505859375,29.95856658969043,42.24400121825674
55,airplane_256,88,0,4.64337158203125,25.02463950997016,41.46246921748671
56,airplane_256,88,1,3.739227294921875,31.07559150228113,42.40298495625416
57,airplane_256,88,2,4.2022705078125,27.65140885984023,41.89596355570704
58,airplane_256,88,3,3.4467315673828125,33.712721074883234,42.756728991437136
59,airplane_256,88,4,3.685638427734375,31.527427942138427,42.465676334959845
60,airplane_256,96,0,4.269805908203125,27.214047300822653,41.82672227040119
61,airplane_256,96,1,3.826416015625,30.36750303068972,42.30288175242397
62,airplane_256,96,2,3.9971923828125,29.070079401435333,42.113253097348455
63,airplane_256,96,3,3.731414794921875,31.140654775048866,42.41206831705746
64,airplane_256,96,4,4.15399169921875,27.972780969452973,41.94614736503952
65,airplane_256,104,0,4.819747924804688,24.10887493786942,41.30056035850864
66,airplane_256,104,1,4.2176361083984375,27.55066984555384,41.88011254153855
67,airplane_256,104,2,4.082244873046875,28.464411999970096,42.02181308595807
68,airplane_256,104,3,5.531906127929688,21.00518289066832,40.70205559001867
69,airplane_256,104,4,3.775909423828125,30.773698971138536,42.36058792933467
70,airplane_256,112,0,5.3753509521484375,21.61695133686652,40.82673536632677
71,airplane_256,112,1,5.6281585693359375,20.645953471222484,40.62714035996911
72,airplane_256,112,2,6.062652587890625,19.166313468672765,40.304176785780086
73,airplane_256,112,3,4.856658935546875,23.925645488648573,41.267427551529295
74,airplane_256,112,4,3.966400146484375,29.2957582845404,42.14683835405097
75,airplane_256,120,0,5.065521240234375,22.939139812153964,41.08456220133042
76,airplane_256,120,1,18.055877685546875,6.435505488840625,35.564617567937724
77,airplane_256,120,2,19.48773193359375,5.9626589870555335,35.2331906387663
78,airplane_256,120,3,19.321517944335938,6.013952955763255,35.27039118242228
79,airplane_256,120,4,18.21038818359375,6.380901866543326,35.52761157291778
80,airplane_256,128,0,306.78155517578125,0.3787669043029388,23.262511161717452
81,airplane_256,128,1,258.07501220703125,0.4502516495396141,24.01334404313011
82,airplane_256,128,2,281.5897827148437,0.412652401059744,23.634634681786054
83,airplane_256,128,3,288.447509765625,0.4028417511580804,23.530135669227388
84,airplane_256,128,4,294.1295166015625,0.3950596366313635,23.445417516823028
0,arctichare_256,0,0,0.0,inf,inf
1,arctichare_256,0,1,0.0,inf,inf
2,arctichare_256,0,2,0.0,inf,inf
3,arctichare_256,0,3,0.0,inf,inf
4,arctichare_256,0,4,0.0,inf,inf
5,arctichare_256,8,0,1.290374755859375,49.236548967670224,47.023645026883486
6,arctichare_256,8,1,1.0744476318359375,59.131406660512674,47.81895107870525
7,arctichare_256,8,2,1.12384033203125,56.5325856731657,47.62375747004466
8,arctichare_256,8,3,0.8934173583984375,71.11301258731704,48.62025974649014
9,arctichare_256,8,4,0.8627777099609375,73.63843446580479,48.77181444379468
10,arctichare_256,16,0,1.8622283935546875,34.1169751644912,45.43047416780236
11,arctichare_256,16,1,1.25262451171875,50.7203868830093,47.15259455019435
12,arctichare_256,16,2,1.3302154541015625,47.761886736180415,46.891583718187
13,arctichare_256,16,3,1.277587890625,49.72933785591439,47.06689574096019
14,arctichare_256,16,4,1.4638214111328125,43.40256220487215,46.47592265628185
15,arctichare_256,24,0,1.9037628173828125,33.37264457179497,45.334675205580126
16,arctichare_256,24,1,1.6986236572265625,37.402987756128674,45.82983192531263
17,arctichare_256,24,2,1.6971282958984375,37.43594400438758,45.83365686437886
18,arctichare_256,24,3,1.51300048828125,41.991790713622976,46.3324129268754
19,arctichare_256,24,4,2.1770477294921875,29.183374802873665,44.75212410270614
20,arctichare_256,32,0,1.7797393798828125,35.69826041479119,45.62723950786925
21,arctichare_256,32,1,2.28515625,27.802737713675214,44.54164460097579
22,arctichare_256,32,2,2.3567352294921875,26.95831040265197,44.4076956698573
23,arctichare_256,32,3,1.803863525390625,35.220846233230134,45.56876683766096
24,arctichare_256,32,4,2.2934112548828125,27.70266332226665,44.52598421396803
25,arctichare_256,40,0,2.8319549560546875,22.43453756836122,43.60994019509948
26,arctichare_256,40,1,2.566879272460937,24.75130035726387,44.03674917804962
27,arctichare_256,40,2,2.067230224609375,30.73368369772214,44.976915147632965
28,arctichare_256,40,3,2.39532470703125,26.52400305771436,44.33715966744328
29,arctichare_256,40,4,2.6044464111328125,24.394281864252864,43.97364935013475
30,arctichare_256,48,0,2.443634033203125,25.99963783047969,44.25044195820038
31,arctichare_256,48,1,2.805511474609375,22.645995366089785,43.650683115499305
32,arctichare_256,48,2,2.49664306640625,25.447610316587213,44.157239031663366
33,arctichare_256,48,3,2.6272735595703125,24.18233138383445,43.935750656888224
34,arctichare_256,48,4,2.856674194335937,22.240408086958844,43.57219649246317
35,arctichare_256,56,0,2.903228759765625,21.883773243774503,43.5019910347589
36,arctichare_256,56,1,2.757476806640625,23.040483858472506,43.72568492626164
37,arctichare_256,56,2,2.85040283203125,22.289340699342628,43.58174120029396
38,arctichare_256,56,3,2.7833709716796875,22.826134388825235,43.68509267283992
39,arctichare_256,56,4,2.9670562744140625,21.41300803809739,43.4075457746454
40,arctichare_256,64,0,2.30914306640625,27.513929638146596,44.49629519754125
41,arctichare_256,64,1,2.816070556640625,22.56108239322908,43.63436829014381
42,arctichare_256,64,2,2.7788543701171875,22.863234769239217,43.69214573324699
43,arctichare_256,64,3,2.6453399658203125,24.01717763100972,43.90598867562083
44,arctichare_256,64,4,2.8240203857421875,22.497571254896663,43.622125334373706
45,arctichare_256,72,0,3.2245330810546875,19.70319368928134,43.0461352406786
46,arctichare_256,72,1,3.1891632080078125,19.92171479151217,43.094036156846926
47,arctichare_256,72,2,3.118148803710937,20.37542267960519,43.191835242009375
48,arctichare_256,72,3,3.00885009765625,21.11557498427896,43.34679809346636
49,arctichare_256,72,4,3.0672607421875,20.713465594778526,43.26329664741969
50,arctichare_256,80,0,3.3984375,18.694944324712644,42.81801073561141
51,arctichare_256,80,1,4.0926666259765625,15.523766204230157,42.01073990861136
52,arctichare_256,80,2,3.33984375,19.022925804093568,42.893542114515874
53,arctichare_256,80,3,3.7225341796875,17.067297917691423,42.42241666805946
54,arctichare_256,80,4,3.276397705078125,19.39129665334712,42.97683747804692
55,arctichare_256,88,0,3.7187652587890634,17.08459540525126,42.42681595800181
56,arctichare_256,88,1,3.2941131591796875,19.28701194628572,42.95341846919663
57,arctichare_256,88,2,3.2806549072265625,19.366133180775904,42.97119811606368
58,arctichare_256,88,3,3.2876434326171875,19.324966699000736,42.96195651648326
59,arctichare_256,88,4,3.4925537109375,18.19115899479221,42.69937267145568
60,arctichare_256,96,0,3.0902557373046875,20.559334001570196,43.23085939467524
61,arctichare_256,96,1,3.987213134765625,15.934337519995712,42.12410909560017
62,arctichare_256,96,2,3.419174194335937,18.581562752422137,42.79159133802887
63,arctichare_256,96,3,3.4202423095703125,18.575759874012377,42.79023485811328
64,arctichare_256,96,4,3.859298706054688,16.46247276839196,42.2657196701515
65,arctichare_256,104,0,4.3023834228515625,14.76707062324222,41.79371249328671
66,arctichare_256,104,1,3.7819671630859375,16.79908817655484,42.35362607102541
67,arctichare_256,104,2,4.2332305908203125,15.008301223015618,41.8640843503664
68,arctichare_256,104,3,4.4933929443359375,14.139337609812584,41.60505961839807
69,arctichare_256,104,4,4.68017578125,13.575045644235786,41.42818195957622
70,arctichare_256,112,0,4.220367431640625,15.054044673266182,41.87730097918691
71,arctichare_256,112,1,3.676315307617188,17.281869082849447,42.47667608293731
72,arctichare_256,112,2,4.4100494384765625,14.406550479729566,41.68636902752177
73,arctichare_256,112,3,4.438690185546875,14.313591892579428,41.658255279405445
74,arctichare_256,112,4,4.1374359130859375,15.355790684895132,41.963490810469615
75,arctichare_256,120,0,5.932388305664063,10.709615854521136,40.39850790748935
76,arctichare_256,120,1,5.0618896484375,12.551360117683942,41.087676877653614
77,arctichare_256,120,2,11.5753173828125,5.488713419456894,37.49547453124838
78,arctichare_256,120,3,11.18798828125,5.678733142757387,37.643283580657325
79,arctichare_256,120,4,11.727462768554688,5.417505994891819,37.43876298011189
80,arctichare_256,128,0,213.23133850097656,0.2979562024051387,24.842293277842074
81,arctichare_256,128,1,212.34634399414065,0.2991979925741916,24.86035572804405
82,arctichare_256,128,2,553.1077270507812,0.1148665924308856,20.702706351557964
83,arctichare_256,128,3,201.0881500244141,0.3159489997088442,25.09693882168935
84,arctichare_256,128,4,547.4514770507812,0.1160533901484428,20.747347290141462
0,baboon_256,0,0,0.0,inf,inf
1,baboon_256,0,1,0.0,inf,inf
2,baboon_256,0,2,0.0,inf,inf
3,baboon_256,0,3,0.0,inf,inf
4,baboon_256,0,4,0.0,inf,inf
5,baboon_256,8,0,1.211639404296875,81.78345465078206,47.2970697208162
6,baboon_256,8,1,1.140625,86.87522741866438,47.55937474731341
7,baboon_256,8,2,1.58953857421875,62.3401393848635,46.11809289222923
8,baboon_256,8,3,1.139007568359375,86.99859336066233,47.565537510242855
9,baboon_256,8,4,1.6936187744140625,58.509068139432216,45.84264701508872
10,baboon_256,16,0,2.0794219970703125,47.65365395481263,44.95137727043278
11,baboon_256,16,1,2.196640014648437,45.11073986343334,44.71321470293108
12,baboon_256,16,2,1.7005462646484375,58.27072061159116,45.82491909128304
13,baboon_256,16,3,2.50042724609375,39.63004979617741,44.1506613828884
14,baboon_256,16,4,1.9182281494140625,51.6581180943896,45.30180101026521
15,baboon_256,24,0,2.1331024169921875,46.45442970063307,44.84068653066512
16,baboon_256,24,1,1.742431640625,56.86998213535099,45.71924612078756
17,baboon_256,24,2,2.0550689697265625,48.21836042203429,45.00253959147777
18,baboon_256,24,3,2.725311279296875,36.35990392260059,43.7766424722395
19,baboon_256,24,4,1.4652099609375,67.62993626593352,46.47180498401006
20,baboon_256,32,0,2.0340118408203125,48.71754150381467,45.04726884066851
21,baboon_256,32,1,3.1260986328125,31.69831406927252,43.180776843663054
22,baboon_256,32,2,3.2766265869140625,30.24209614551754,42.97653410020498
23,baboon_256,32,3,2.3851318359375,41.54573545217258,44.35567971605921
24,baboon_256,32,4,2.6189117431640625,37.837111744244986,43.9495949783889
25,baboon_256,40,0,3.1604156494140625,31.35412150385524,43.13336157244432
26,baboon_256,40,1,2.0163726806640625,49.143720912633846,45.08509556210715
27,baboon_256,40,2,3.2111968994140625,30.858293458272552,43.06413425059332
28,baboon_256,40,3,2.9622344970703125,33.45179335816167,43.41460925604874
29,baboon_256,40,4,2.983016967773437,33.21873705209852,43.38424637177515
30,baboon_256,48,0,3.275634765625,30.25125307445778,42.977848890604776
31,baboon_256,48,1,3.9191741943359375,25.28391221232874,42.19885794006899
32,baboon_256,48,2,3.303070068359375,29.99998614126669,42.94162574346018
33,baboon_256,48,3,4.1490325927734375,23.883171331796067,41.95133514420221
34,baboon_256,48,4,2.4941558837890625,39.72969649510269,44.1615676763807
35,baboon_256,56,0,3.485946655273437,28.42615394716684,42.70759623962452
36,baboon_256,56,1,3.683197021484375,26.903816357474877,42.46855410121901
37,baboon_256,56,2,2.4217529296875,40.91749206109179,44.28950527076022
38,baboon_256,56,3,3.004364013671875,32.98270643087143,43.35327809515981
39,baboon_256,56,4,2.9351959228515625,33.75994614292918,43.45443265378502
40,baboon_256,64,0,3.2498321533203125,30.491438203407817,43.01219429664172
41,baboon_256,64,1,4.330322265625,22.883298331172124,41.76560142811398
42,baboon_256,64,2,3.6893310546875,26.85908496840155,42.46132733352382
43,baboon_256,64,3,4.238037109375,23.38159240163604,41.85915605679018
44,baboon_256,64,4,3.853515625,25.714715059553978,42.2722323659155
45,baboon_256,72,0,4.19940185546875,23.596707265671554,41.89892925081615
46,baboon_256,72,1,3.786453247070313,26.170151803956493,42.34847762090675
47,baboon_256,72,2,3.9406585693359375,25.146064935819247,42.17511552969307
48,baboon_256,72,3,3.0379638671875,32.617917989311685,43.30497756704673
49,baboon_256,72,4,3.9048919677734375,25.376388666372293,42.21471337622291
50,baboon_256,80,0,4.6448516845703125,21.333739590348383,41.461085098366496
51,baboon_256,80,1,3.284896850585937,30.16595673521337,42.96558624087688
52,baboon_256,80,2,3.399200439453125,29.151577860573685,42.81703586640284
53,baboon_256,80,3,5.0313568115234375,19.69489741762324,41.11395243347203
54,baboon_256,80,4,4.0107269287109375,24.706757162912265,42.09857266921951
55,baboon_256,88,0,4.22540283203125,23.451505149576043,41.872122418097376
56,baboon_256,88,1,3.172470092773437,31.23498516192025,43.11682824224
57,baboon_256,88,2,4.145050048828125,23.9061181667587,41.95550582121869
58,baboon_256,88,3,4.510498046875,21.9692050067659,41.58855861768821
59,baboon_256,88,4,3.678665161132813,26.936959993363335,42.47390101520144
60,baboon_256,96,0,4.4544677734375,22.245543421665616,41.64284539558391
61,baboon_256,96,1,3.583480834960937,27.652458834901022,42.58775274733753
62,baboon_256,96,2,5.044586181640625,19.643247772245783,41.10254814953287
63,baboon_256,96,3,3.9739837646484375,24.93519403775932,42.13854272361351
64,baboon_256,96,4,4.554733276367188,21.75584172811299,41.546174109515455
65,baboon_256,104,0,4.7313232421875,20.94383562527413,41.380977409734754
66,baboon_256,104,1,4.048385620117188,24.47693119499463,42.057984872949056
67,baboon_256,104,2,4.431549072265625,22.36059099391928,41.665247980893135
68,baboon_256,104,3,5.265777587890625,18.81812412705956,40.91617849127044
69,baboon_256,104,4,4.6480560302734375,21.31903222100028,41.458090062248985
70,baboon_256,112,0,5.038589477539063,19.666626288199293,41.10771385505263
71,baboon_256,112,1,5.638214111328125,17.575078618479807,40.619387966748775
72,baboon_256,112,2,4.637481689453125,21.367643671731564,41.46798153001718
73,baboon_256,112,3,4.392593383789063,22.558895763062186,41.703593577732725
74,baboon_256,112,4,5.556793212890625,17.83259741329599,40.682561253514734
75,baboon_256,120,0,5.4218597412109375,18.27639610837341,40.78932082298104
76,baboon_256,120,1,5.42413330078125,18.26873544205516,40.78750006874249
77,baboon_256,120,2,6.0417022705078125,16.401347143192684,40.31921041033173
78,baboon_256,120,3,19.958969116210938,4.964788296301846,35.12942254713299
79,baboon_256,120,4,19.675369262695312,5.036350522899387,35.19157469023794
80,baboon_256,128,0,213.2924041748047,0.464583146585955,24.84104971352408
81,baboon_256,128,1,719.2900390625,0.1377636987765985,19.561763147616805
82,baboon_256,128,2,443.1570434570313,0.2236048320509704,21.66522704575616
83,baboon_256,128,3,262.0939636230469,0.378078361304543,23.94623342192925
84,baboon_256,128,4,226.7663726806641,0.4369786185800883,24.57501707657645
0,barbara_256,0,0,0.0,inf,inf
1,barbara_256,0,1,0.0,inf,inf
2,barbara_256,0,2,0.0,inf,inf
3,barbara_256,0,3,0.0,inf,inf
4,barbara_256,0,4,0.0,inf,inf
5,barbara_256,8,0,1.194305419921875,90.50292576977132,47.35964957671726
6,barbara_256,8,1,0.99200439453125,108.95933058512274,48.16566764806025
7,barbara_256,8,2,0.8394622802734375,128.75877487957828,48.89079174196267
8,barbara_256,8,3,1.1029052734375,98.00309905921416,47.70542147602716
9,barbara_256,8,4,1.51483154296875,71.35323743905879,46.3271602111661
10,barbara_256,16,0,1.56890869140625,68.89383388445827,46.17482691960595
11,barbara_256,16,1,1.54913330078125,69.77329498443717,46.22991571060348
12,barbara_256,16,2,1.7489776611328125,61.800752043691816,45.702960983924974
13,barbara_256,16,3,1.648040771484375,65.5858378238246,45.96112409203626
14,barbara_256,16,4,1.5484161376953125,69.8056111237029,46.23192671951615
15,barbara_256,24,0,1.6096649169921875,67.14946298736385,46.0634488225663
16,barbara_256,24,1,1.9820709228515625,54.53292993679608,45.15961170430059
17,barbara_256,24,2,1.7886199951171875,60.43102227454594,45.60562279413885
18,barbara_256,24,3,1.67059326171875,64.70044938073143,45.90209635506598
19,barbara_256,24,4,1.718780517578125,62.88652545231796,45.77859938567394
20,barbara_256,32,0,2.4402313232421875,44.29421659173477,44.25649363362882
21,barbara_256,32,1,1.8666534423828125,57.9047681328832,45.42016665324506
22,barbara_256,32,2,2.116317749023437,51.07367965680089,44.874994865938845
23,barbara_256,32,3,2.786346435546875,38.79206597811682,43.68045248172402
24,barbara_256,32,4,2.3511505126953125,45.97244378102995,44.41799928790736
25,barbara_256,40,0,3.034759521484375,35.61670504711242,43.30956078184861
26,barbara_256,40,1,2.602813720703125,41.52741854166423,43.97637273421603
27,barbara_256,40,2,3.174713134765625,34.04658316430995,43.11375872064117
28,barbara_256,40,3,2.9666900634765625,36.43391539153915,43.40808183864447
29,barbara_256,40,4,2.646636962890625,40.83980397809167,43.9038598731353
30,barbara_256,48,0,3.4397735595703125,31.423037852272778,42.765505069783416
31,barbara_256,48,1,2.984649658203125,36.21468083148434,43.38187000423855
32,barbara_256,48,2,2.5597076416015625,42.2267500432183,44.0488999590366
33,barbara_256,48,3,3.265853881835937,33.09643930084894,42.99083610881204
34,barbara_256,48,4,3.1528778076171875,34.28237355234311,43.143732212351054
35,barbara_256,56,0,3.36309814453125,32.139453004482675,42.86340819450864
36,barbara_256,56,1,3.071380615234375,35.1920352135767,43.25746721939201
37,barbara_256,56,2,3.2586822509765625,33.16927716202865,43.000383457158094
38,barbara_256,56,3,2.642074584960937,40.91032682456353,43.91135287415384
39,barbara_256,56,4,3.4714813232421875,31.13602658379742,42.72565527796922
40,barbara_256,64,0,3.5912628173828125,30.097528435525607,42.578331718480825
41,barbara_256,64,1,3.467559814453125,31.17123872387239,42.73056399597604
42,barbara_256,64,2,2.9000244140625,37.27145683377531,43.50678706814474
43,barbara_256,64,3,3.1357879638671875,34.46921029453985,43.16733672045471
44,barbara_256,64,4,3.851119995117188,28.066675383438927,42.27493310070327
45,barbara_256,72,0,3.7366943359375,28.926137662931627,42.40592787140552
46,barbara_256,72,1,3.586090087890625,30.14094239590159,42.58459165384539
47,barbara_256,72,2,3.39501953125,31.837264490148137,42.82238083786088
48,barbara_256,72,3,4.49395751953125,24.051881731383016,41.6045139806303
49,barbara_256,72,4,3.513641357421875,30.76242671646328,42.67322930527512
50,barbara_256,80,0,3.6580963134765625,29.5476459620334,42.498252251018286
51,barbara_256,80,1,3.542938232421875,30.508049442267108,42.63716779957871
52,barbara_256,80,2,3.624710083007813,29.81980138834514,42.53807084963689
53,barbara_256,80,3,3.953857421875,27.337388082741587,42.16059356489489
54,barbara_256,80,4,3.946212768554688,27.390346416929923,42.1689986339875
55,barbara_256,88,0,3.21331787109375,33.63754819837788,43.06126671471511
56,barbara_256,88,1,4.257232666015625,25.38929470039641,41.83952975007077
57,barbara_256,88,2,4.0762939453125,26.516275866199503,42.028148670290335
58,barbara_256,88,3,4.160659790039063,25.978604408944047,41.939181551324594
59,barbara_256,88,4,3.915496826171875,27.605215778274864,42.2029348459523
60,barbara_256,96,0,4.169601440429688,25.922893664984503,41.92985816804108
61,barbara_256,96,1,4.660888671875,23.190456235922685,41.44611631195953
62,barbara_256,96,2,4.133544921875,26.149016596775144,41.9675769912272
63,barbara_256,96,3,4.65374755859375,23.226041680328407,41.4527753947698
64,barbara_256,96,4,4.478546142578125,24.134648014009937,41.61943307746964
65,barbara_256,104,0,5.204879760742188,20.76669197641796,40.966696596533126
66,barbara_256,104,1,5.023483276367188,21.516571036301062,41.12075400075794
67,barbara_256,104,2,5.2248382568359375,20.68736474745557,40.95007510151974
68,barbara_256,104,3,4.80792236328125,22.48125626801061,41.31122914658329
69,barbara_256,104,4,4.71551513671875,22.921808462444503,41.395512175986006
70,barbara_256,112,0,5.270599365234375,20.50775012014568,40.912203554821495
71,barbara_256,112,1,6.2234649658203125,17.367838552840308,40.19048111780194
72,barbara_256,112,2,5.5440521240234375,19.49623350351604,40.69253056098695
73,barbara_256,112,3,5.1928558349609375,20.814776724191127,40.97674095070473
74,barbara_256,112,4,5.055923461914063,21.378514841026725,41.09279870023957
75,barbara_256,120,0,20.170867919921875,5.358625875432516,35.08355775261824
76,barbara_256,120,1,19.308181762695312,5.598048334849346,35.27338982355602
77,barbara_256,120,2,6.3146820068359375,17.11695611095136,40.12728875517914
78,barbara_256,120,3,5.26678466796875,20.522603747783663,40.91534798239431
79,barbara_256,120,4,20.0440673828125,5.39252501507299,35.11094506812715
80,barbara_256,128,0,485.8044738769531,0.2224930822539153,21.266188508699248
81,barbara_256,128,1,718.1939697265625,0.1504999196899095,19.56838606590628
82,barbara_256,128,2,207.34425354003903,0.5212979521747523,24.963883572924654
83,barbara_256,128,3,577.2318115234375,0.187252560596682,20.517301036086305
84,barbara_256,128,4,506.37890625,0.2134530752200442,21.086047544787316
0,boat_256,0,0,0.0,inf,inf
1,boat_256,0,1,0.0,inf,inf
2,boat_256,0,2,0.0,inf,inf
3,boat_256,0,3,0.0,inf,inf
4,boat_256,0,4,0.0,inf,inf
5,boat_256,8,0,1.556884765625,68.61551278030421,46.2082389184843
6,boat_256,8,1,1.814697265625,58.8673651284811,45.54276176032736
7,boat_256,8,2,1.7720184326171875,60.28517794559592,45.64612125742219
8,boat_256,8,3,1.8314971923828125,58.327387548009234,45.5027410362415
9,boat_256,8,4,0.8236541748046875,129.6981789214324,48.97335456815845
10,boat_256,16,0,1.8001861572265625,59.34188867321597,45.57762943055759
11,boat_256,16,1,2.1190948486328125,50.41135681214312,44.86929965121736
12,boat_256,16,2,1.8140411376953125,58.888657105606256,45.544332293723365
13,boat_256,16,3,1.8179931640625,58.76064258376419,45.534881149937966
14,boat_256,16,4,1.257354736328125,84.96126307613893,47.13622538794216
15,boat_256,24,0,1.398773193359375,76.37152830806153,46.673330601415245
16,boat_256,24,1,2.04132080078125,52.33202272387502,45.03169099874995
17,boat_256,24,2,2.4590301513671875,43.4425118674568,44.22316507000233
18,boat_256,24,3,1.760009765625,60.69650783742544,45.67565283312122
19,boat_256,24,4,1.937530517578125,55.13536203121801,45.25831809167549
20,boat_256,32,0,1.7994232177734375,59.367049106650725,45.57947041031379
21,boat_256,32,1,2.092391967773437,51.05470111648326,44.92437316669064
22,boat_256,32,2,2.5587310791015625,41.74977488088068,44.05055716637374
23,boat_256,32,3,2.928253173828125,36.48128771377654,43.46471738193574
24,boat_256,32,4,2.972152709960937,35.942448776330586,43.40009241045341
25,boat_256,40,0,3.8902740478515625,27.45987691849086,42.23100164869308
26,boat_256,40,1,3.2180633544921875,33.19588049255805,43.05485771000637
27,boat_256,40,2,3.401214599609375,31.408322940126155,42.81446326263651
28,boat_256,40,3,3.0124664306640625,35.46145624920856,43.341581448065085
29,boat_256,40,4,2.9986114501953125,35.62530468101996,43.36160165854749
30,boat_256,48,0,3.9117279052734375,27.30927332373741,42.20711722663403
31,boat_256,48,1,2.692657470703125,39.67324017091111,43.828992499535445
32,boat_256,48,2,3.1068878173828125,34.38374759961299,43.2075478871084
33,boat_256,48,3,3.0879669189453125,34.59442712219516,43.23407721728973
34,boat_256,48,4,3.06396484375,34.86542828685259,43.26796583018628
35,boat_256,56,0,3.153778076171875,33.87253127933193,43.14249231064913
36,boat_256,56,1,3.1961822509765625,33.42313990404125,43.08448825414706
37,boat_256,56,2,2.8437042236328125,37.56594854183994,43.59195937841204
38,boat_256,56,3,3.7176513671875,28.73492858315548,42.42811700662226
39,boat_256,56,4,3.2701416015625,32.66722348725223,42.9851380226091
40,boat_256,64,0,4.3651123046875,24.47278307558936,41.73084939245874
41,boat_256,64,1,3.38177490234375,31.58886963741044,42.83935664147711
42,boat_256,64,2,3.863067626953125,27.653268554726072,42.26148049887084
43,boat_256,64,3,3.117950439453125,34.261752586400966,43.19211153171948
44,boat_256,64,4,4.439666748046875,24.061816482103943,41.65729988707358
45,boat_256,72,0,3.618560791015625,29.52180513270306,42.5454448779395
46,boat_256,72,1,3.7756195068359375,28.29375320786133,42.36092139650704
47,boat_256,72,2,4.1766204833984375,25.57724527709074,41.92255346807974
48,boat_256,72,3,4.4302520751953125,24.1129499450646,41.66651923188452
49,boat_256,72,4,4.68670654296875,22.79350020185709,41.42212599743537
50,boat_256,80,0,4.3432159423828125,24.596162831957898,41.752689380786
51,boat_256,80,1,4.2957916259765625,24.867697466335617,41.80037153791712
52,boat_256,80,2,4.778121948242188,22.357413161567223,41.33823131156687
53,boat_256,80,3,3.7841796875,28.22975,42.35108610665393
54,boat_256,80,4,3.861663818359375,27.663321189514694,42.26305897790779
55,boat_256,88,0,4.674468994140625,22.85317255652106,41.43348077426767
56,boat_256,88,1,4.3281097412109375,24.682009681047216,41.76782096893676
57,boat_256,88,2,3.772628784179688,28.316182864631152,42.36436286892396
58,boat_256,88,3,4.827606201171875,22.128243705394112,41.29348524387354
59,boat_256,88,4,4.30548095703125,24.81173360173516,41.79058688163568
60,boat_256,96,0,4.3769073486328125,24.406832958566472,41.71913007401561
61,boat_256,96,1,4.75048828125,22.487466594716825,41.363421097790685
62,boat_256,96,2,4.402847290039063,24.26303696130586,41.6934673837534
63,boat_256,96,3,4.449508666992188,24.008593875920344,41.647683038184304
64,boat_256,96,4,4.097824096679688,26.069065926905104,42.00527048940601
65,boat_256,104,0,4.6674346923828125,22.887614626411885,41.44002110933714
66,boat_256,104,1,5.3480072021484375,19.975000499305253,40.84888377414235
67,boat_256,104,2,4.947113037109375,21.593694288340416,41.18728527149777
68,boat_256,104,3,5.494598388671875,19.442084566807555,40.7314440641191
69,boat_256,104,4,4.08197021484375,26.17031504657665,42.02210529418822
70,boat_256,112,0,5.708343505859375,18.714088671004166,40.56570261490031
71,boat_256,112,1,4.2581634521484375,25.087446203903777,41.83858032792456
72,boat_256,112,2,6.7748870849609375,15.768003981990953,39.82178299518816
73,boat_256,112,3,6.6822052001953125,15.986705486099218,39.88160552848622
74,boat_256,112,4,5.641769409179688,18.93491895634488,40.61665029202296
75,boat_256,120,0,9.365951538085938,11.405829519702449,38.41528454570719
76,boat_256,120,1,8.371124267578125,12.76130220010572,38.90296571881069
77,boat_256,120,2,9.390640258789062,11.375842710322136,38.40385157166261
78,boat_256,120,3,8.406890869140625,12.707010022615318,38.88444951042951
79,boat_256,120,4,10.43414306640625,10.238161950945582,37.94623573667982
80,boat_256,128,0,840.4041748046875,0.1271131792723779,18.885921597206977
81,boat_256,128,1,526.6036376953125,0.2028593023032093,20.915965060493527
82,boat_256,128,2,751.7861328125,0.1420968568993893,19.36986050262336
83,boat_256,128,3,737.1654052734375,0.1449151652654914,19.45515415019985
84,boat_256,128,4,740.4805297851562,0.1442663814053258,19.43566717211272
0,fruits_256,0,0,0.0,inf,inf
1,fruits_256,0,1,0.0,inf,inf
2,fruits_256,0,2,0.0,inf,inf
3,fruits_256,0,3,0.0,inf,inf
4,fruits_256,0,4,0.0,inf,inf
5,fruits_256,8,0,1.78741455078125,63.37515793068123,45.608550717996685
6,fruits_256,8,1,1.7432098388671875,64.98223961205501,45.71730692417189
7,fruits_256,8,2,0.979400634765625,115.6602062755118,48.22119979712238
8,fruits_256,8,3,0.9377288818359376,120.800032544138,48.41003068482786
9,fruits_256,8,4,1.720703125,65.83220417139614,45.77374413431693
10,fruits_256,16,0,2.449920654296875,46.23728496867176,44.23928341792784
11,fruits_256,16,1,1.6885528564453125,67.08565800056027,45.855657010470594
12,fruits_256,16,2,1.8348846435546875,61.73558639844991,45.49471594864234
13,fruits_256,16,3,1.979705810546875,57.21945091026807,45.16479703105749
14,fruits_256,16,4,2.2410430908203125,50.54685468002097,44.62630153629786
15,fruits_256,24,0,2.614166259765625,43.33223987578945,43.957471558167285
16,fruits_256,24,1,1.641204833984375,69.02104910838803,45.97917573405567
17,fruits_256,24,2,1.8876495361328125,60.00991035413753,45.37158995191884
18,fruits_256,24,3,2.5975341796875,43.60969735419898,43.98519089931472
19,fruits_256,24,4,2.4329071044921875,46.56062668163544,44.269548342538414
20,fruits_256,32,0,2.394744873046875,47.30260860700131,44.33821108724774
21,fruits_256,32,1,1.9458160400390625,58.21602716415335,45.23978581755922
22,fruits_256,32,2,1.891082763671875,59.90096341601175,45.363698246091
23,fruits_256,32,3,2.41094970703125,46.98467127414496,44.30892209879349
24,fruits_256,32,4,2.71435546875,41.732809408166936,43.79413639133144
25,fruits_256,40,0,3.3922882080078125,33.39270501131268,42.82587618158765
26,fruits_256,40,1,3.4897918701171875,32.45972357645372,42.70280834296975
27,fruits_256,40,2,2.727630615234375,41.52969937009812,43.772948044975976
28,fruits_256,40,3,3.1267852783203125,36.22816066992978,43.17982302344025
29,fruits_256,40,4,2.3167266845703125,48.89557330944681,44.48205559872249
30,fruits_256,48,0,2.7315673828125,41.4698462707244,43.76668442628074
31,fruits_256,48,1,2.7496490478515625,41.19714097036088,43.738030947859855
32,fruits_256,48,2,2.6453094482421875,42.8220900653542,43.9060387776584
33,fruits_256,48,3,2.442901611328125,46.37013579182751,44.25174384896415
34,fruits_256,48,4,2.454071044921875,46.1590872349686,44.23193229546641
35,fruits_256,56,0,3.6734619140625,30.836764363805536,42.48004819368403
36,fruits_256,56,1,3.0539703369140625,37.09193834470009,43.282155464111305
37,fruits_256,56,2,2.7276763916015625,41.52900241104044,43.7728751602652
38,fruits_256,56,3,3.048934936523437,37.153196706953935,43.28932204134652
39,fruits_256,56,4,3.565155029296875,31.773563425010487,42.61001941152881
40,fruits_256,64,0,3.2567901611328125,34.78200124626939,43.00290583512098
41,fruits_256,64,1,3.063507080078125,36.976470588235294,43.26861472499821
42,fruits_256,64,2,3.7232513427734375,30.42439766072285,42.42158006063672
43,fruits_256,64,3,2.7555389404296875,41.109083156594885,43.72873808146871
44,fruits_256,64,4,4.19305419921875,27.015553355944046,41.90549884758285
45,fruits_256,72,0,3.737258911132813,30.31036439726447,42.40527174770684
46,fruits_256,72,1,4.007568359375,28.2659381663113,42.10199421770326
47,fruits_256,72,2,3.7708587646484375,30.040286977950608,42.36640094408327
48,fruits_256,72,3,3.152984619140625,35.92712719107214,43.143585086860206
49,fruits_256,72,4,4.3465576171875,26.061469654843147,41.74934919938868
50,fruits_256,80,0,3.718093872070313,30.466600183035183,42.42760010502635
51,fruits_256,80,1,3.856399536132813,29.37394800045898,42.26898338917965
52,fruits_256,80,2,4.3525390625,26.025654868745796,41.74337683421547
53,fruits_256,80,3,4.6904144287109375,24.1508892583062,41.41869143707052
54,fruits_256,80,4,3.8876953125,29.13748901029892,42.233881399236246
55,fruits_256,88,0,4.823699951171875,23.483566679108964,41.297000753351305
56,fruits_256,88,1,3.88128662109375,29.18560016354516,42.24104645630306
57,fruits_256,88,2,3.835647583007813,29.532869480811385,42.2924166325198
58,fruits_256,88,3,4.8770599365234375,23.22663262656317,41.24922267990832
59,fruits_256,88,4,4.2230224609375,26.823840150310737,41.87456969560153
60,fruits_256,96,0,5.265594482421875,21.5127997078989,40.91632950994904
61,fruits_256,96,1,3.885665893554688,29.152707038260207,42.23614905526324
62,fruits_256,96,2,4.175445556640625,27.129483047193048,41.923775355474966
63,fruits_256,96,3,4.3048095703125,26.31421380972636,41.79126416319045
64,fruits_256,96,4,4.888458251953125,23.172475575116277,41.23908450260618
65,fruits_256,104,0,4.3529052734375,26.02346532432205,41.74301144588299
66,fruits_256,104,1,4.4101104736328125,25.685905176440468,41.68630892151049
67,fruits_256,104,2,4.343780517578125,26.078131476706687,41.75212487752317
68,fruits_256,104,3,6.3104400634765625,17.950836756850865,40.13020714702136
69,fruits_256,104,4,4.7130889892578125,24.034699896722643,41.39774720985475
70,fruits_256,112,0,7.81256103515625,14.499429691955532,39.20286937603392
71,fruits_256,112,1,5.6844024658203125,19.92780773783799,40.58395541700955
72,fruits_256,112,2,5.975555419921875,18.956845260894656,40.36702082277606
73,fruits_256,112,3,4.8859710693359375,23.184271424422327,41.24129469754224
74,fruits_256,112,4,7.0184478759765625,16.139990129597944,39.66839281990116
75,fruits_256,120,0,19.468734741210938,5.818440743536146,35.23742632910566
76,fruits_256,120,1,6.177032470703125,18.33852743702108,40.22300476575687
77,fruits_256,120,2,20.612533569335938,5.495572830109345,34.98948984927743
78,fruits_256,120,3,20.71249389648437,5.469050709658218,34.96847967417514
79,fruits_256,120,4,6.82293701171875,16.60248061044665,39.7910899890784
80,fruits_256,128,0,506.7161865234375,0.223552518068455,21.083155832685154
81,fruits_256,128,1,498.3566284179688,0.2273024436395256,21.15540121876441
82,fruits_256,128,2,483.2786254882813,0.234394143396905,21.28882773338736
83,fruits_256,128,3,489.70013427734375,0.2313204990448381,21.231501377647398
84,fruits_256,128,4,478.83538818359375,0.2365691472241954,21.32894121545967
0,lena_256,0,0,0.0,inf,inf
1,lena_256,0,1,0.0,inf,inf
2,lena_256,0,2,0.0,inf,inf
3,lena_256,0,3,0.0,inf,inf
4,lena_256,0,4,0.0,inf,inf
5,lena_256,8,0,1.47869873046875,70.95726874974203,46.43200660855263
6,lena_256,8,1,1.22393798828125,85.7269111853588,47.25320946350446
7,lena_256,8,2,1.0615692138671875,98.83898463440228,47.87132045624823
8,lena_256,8,3,1.2512969970703125,83.85253338211085,47.157199585443706
9,lena_256,8,4,1.78759765625,58.69577130565419,45.60810584290173
10,lena_256,16,0,1.5077362060546875,69.5907034641892,46.347549969709725
11,lena_256,16,1,2.211669921875,47.44126697207197,44.68360049177785
12,lena_256,16,2,2.143646240234375,48.94670643338126,44.81927244301693
13,lena_256,16,3,1.4694976806640625,71.401557551529,46.45911455913919
14,lena_256,16,4,2.273895263671875,46.143032572371865,44.56309903795395
15,lena_256,24,0,2.347763061523437,44.69123181011679,44.42426095492157
16,lena_256,24,1,2.923828125,35.8859750751503,43.47128521500689
17,lena_256,24,2,2.7216949462890625,38.55113276410138,43.78240913978394
18,lena_256,24,3,2.830902099609375,37.06395330034604,43.611555103423
19,lena_256,24,4,2.0540313720703125,51.08219117024359,45.004732883968295
20,lena_256,32,0,2.9720001220703125,35.304313226165846,43.40031537941398
21,lena_256,32,1,3.290145874023437,31.890507969929,42.95865207331615
22,lena_256,32,2,3.4691619873046875,30.244890149765784,42.72855781824325
23,lena_256,32,3,3.0235748291015625,34.70210897639703,43.325596396329935
24,lena_256,32,4,2.069931030273437,50.68981607754967,44.971244857833
25,lena_256,40,0,2.675567626953125,39.215761979172605,43.85664428304266
26,lena_256,40,1,3.006439208984375,34.899898492615335,43.3502793414974
27,lena_256,40,2,3.648101806640625,28.76137475845108,42.51013411297797
28,lena_256,40,3,2.5879058837890625,40.54414183878633,44.00131882879868
29,lena_256,40,4,2.37237548828125,44.22757853302117,44.37896932675383
30,lena_256,48,0,2.54681396484375,41.19830685167877,44.07083138319913
31,lena_256,48,1,2.633285522460937,39.84544111255976,43.92582409431266
32,lena_256,48,2,2.514862060546875,41.72174087152791,44.12566191748816
33,lena_256,48,3,2.88861083984375,36.32348870623534,43.52391324213272
34,lena_256,48,4,3.16558837890625,33.1453147594717,43.12625917932075
35,lena_256,56,0,3.5176239013671875,29.82820965510061,42.6683095732477
36,lena_256,56,1,2.6416168212890625,39.71977403088014,43.91210539439744
37,lena_256,56,2,4.198455810546875,24.991193894239505,41.89990774344434
38,lena_256,56,3,2.9454345703125,35.62273094616437,43.43930981077462
39,lena_256,56,4,3.6722564697265625,28.57219371325286,42.481473562315614
40,lena_256,64,0,4.1472930908203125,25.299495579421407,41.953156326589166
41,lena_256,64,1,3.3954620361328125,30.901368385574653,42.82181481783067
42,lena_256,64,2,3.3577117919921875,31.2487877810144,42.87036944979853
43,lena_256,64,3,3.6132659912109375,29.03866570382476,42.55180427458459
44,lena_256,64,4,3.660354614257813,28.66509785939096,42.49557199092338
45,lena_256,72,0,4.41766357421875,23.75111220105279,41.67887721632998
46,lena_256,72,1,3.94647216796875,26.586890456085,42.168713165265295
47,lena_256,72,2,3.417510986328125,30.70200026789302,42.79370441492275
48,lena_256,72,3,3.29022216796875,31.889768490177527,42.95855136758284
49,lena_256,72,4,3.329833984375,31.51040673803065,42.90657779453829
50,lena_256,80,0,4.6275177001953125,22.67401877541061,41.47732272269019
51,lena_256,80,1,3.858932495117188,27.190012613731174,42.26613179408338
52,lena_256,80,2,3.4010772705078125,30.85034971937208,42.81463861903744
53,lena_256,80,3,3.8149261474609375,27.503657780533167,42.31594225932356
54,lena_256,80,4,4.1281585693359375,25.416761845621583,41.97323989965578
55,lena_256,88,0,4.0882415771484375,25.664927386937485,42.01543810208307
56,lena_256,88,1,3.6949615478515625,28.396621144483035,42.45470437661498
57,lena_256,88,2,3.64361572265625,28.796786270666868,42.51547793425946
58,lena_256,88,3,3.56243896484375,29.45297428341357,42.61332928541486
59,lena_256,88,4,4.2604522705078125,24.627531669370697,41.83624656563303
60,lena_256,96,0,5.32159423828125,19.716727454151325,40.87038603541206
61,lena_256,96,1,4.5926055908203125,22.846382329781616,41.51021210700422
62,lena_256,96,2,4.1795806884765625,25.104054937151577,41.91947646991258
63,lena_256,96,3,3.198486328125,32.80439947332265,43.08135862194682
64,lena_256,96,4,4.164947509765625,25.192255837980024,41.934708284415
65,lena_256,104,0,5.9340362548828125,17.681796792433907,40.39730165491832
66,lena_256,104,1,6.092300415039063,17.222463777190587,40.28299050350827
67,lena_256,104,2,5.3345794677734375,19.66873374961028,40.85980171788574
68,lena_256,104,3,4.9603118896484375,21.152787476275,41.17571376374733
69,lena_256,104,4,5.188888549804688,20.220982241316943,40.98006018121458
70,lena_256,112,0,5.3885040283203125,19.47190215806151,40.81612149006204
71,lena_256,112,1,5.8069610595703125,18.068732016869653,40.49131447125001
72,lena_256,112,2,5.263107299804688,19.935832055270307,40.91838136729777
73,lena_256,112,3,5.128021240234375,20.460996221025383,41.03130545508187
74,lena_256,112,4,6.189117431640625,16.953050960282045,40.21451637840683
75,lena_256,120,0,9.197250366210938,11.408238227725876,38.4942235192097
76,lena_256,120,1,8.633590698242188,12.153045805047975,38.76888905117079
77,lena_256,120,2,9.245223999023438,11.349040675364543,38.47162922889071
78,lena_256,120,3,10.611099243164062,9.88817659823212,37.8731998445837
79,lena_256,120,4,8.490097045898438,12.358448042530018,38.84167706400483
80,lena_256,128,0,437.6850280761719,0.2397258678894382,21.7191866994388
81,lena_256,128,1,373.3536682128906,0.2810322548055007,22.40959938224151
82,lena_256,128,2,606.1693725585938,0.1730942340007968,20.30486371536447
83,lena_256,128,3,401.89556884765625,0.2610738494047602,22.089671430202905
84,lena_256,128,4,380.1978149414063,0.2759732410191356,22.330707442922385
0,monarch_256,0,0,0.0,inf,inf
1,monarch_256,0,1,0.0,inf,inf
2,monarch_256,0,2,0.0,inf,inf
3,monarch_256,0,3,0.0,inf,inf
4,monarch_256,0,4,0.0,inf,inf
5,monarch_256,8,0,2.017913818359375,55.25049528908247,45.08177746543928
6,monarch_256,8,1,2.103118896484375,53.01209460930132,44.90216535339235
7,monarch_256,8,2,1.40228271484375,79.50660500544069,46.66244780105498
8,monarch_256,8,3,1.6829376220703125,66.2476947766404,45.87012341679193
9,monarch_256,8,4,2.1435699462890625,52.01170976858081,44.81942701436586
10,monarch_256,16,0,1.785003662109375,62.45966900890736,45.61441249421232
11,monarch_256,16,1,1.177459716796875,94.68751781872844,47.421343028776704
12,monarch_256,16,2,2.260848999023437,49.31365958681758,44.58808803865685
13,monarch_256,16,3,2.0580291748046875,54.17354587581094,44.99628833800642
14,monarch_256,16,4,1.618804931640625,68.8722499764351,46.03885842081265
15,monarch_256,24,0,1.9107513427734373,58.34916109660366,45.31876187411952
16,monarch_256,24,1,1.4163970947265625,78.71432265014813,46.61895333593413
17,monarch_256,24,2,2.3085174560546875,48.29538439166903,44.49747198012994
18,monarch_256,24,3,1.747100830078125,63.814712920749706,45.70762390811771
19,monarch_256,24,4,2.148300170898437,51.897188030484905,44.80985397873469
20,monarch_256,32,0,3.0037384033203125,37.11732612660209,43.354182537546535
21,monarch_256,32,1,3.1084442138671875,35.86705446334339,43.20537283221014
22,monarch_256,32,2,3.499298095703125,31.8608860593904,42.69099420441432
23,monarch_256,32,3,3.9878997802734375,27.95725671606384,42.12336125325868
24,monarch_256,32,4,2.943466186523437,37.87736323437168,43.44221309709236
25,monarch_256,40,0,3.5562286376953125,31.350835189070672,42.62090685932676
26,monarch_256,40,1,2.61151123046875,42.69203846962863,43.96188463063223
27,monarch_256,40,2,3.089263916015625,36.08974206996019,43.23225349175961
28,monarch_256,40,3,3.2421417236328125,34.38799022953073,43.02248365640299
29,monarch_256,40,4,3.711593627929688,30.038508816286598,42.43519940413979
30,monarch_256,48,0,3.3030242919921875,33.754138044136056,42.94168593159128
31,monarch_256,48,1,3.0584259033203125,36.45363381012488,43.275823975867866
32,monarch_256,48,2,3.3734130859375,33.04983263976841,42.85010835581872
33,monarch_256,48,3,3.213241577148437,34.69727850776179,43.061369830666095
34,monarch_256,48,4,3.219467163085937,34.63018327795972,43.05296360998179
35,monarch_256,56,0,4.5160064697265625,24.687904825297927,41.583258054350566
36,monarch_256,56,1,3.3908233642578125,32.880137340755375,42.827751938931726
37,monarch_256,56,2,3.5753326416015625,31.18331889395808,42.59763906984946
38,monarch_256,56,3,2.6416168212890625,42.20549211245314,43.91210539439744
39,monarch_256,56,4,2.976165771484375,37.46119889667053,43.39423243256209
40,monarch_256,64,0,3.973342895507813,28.05968194718065,42.13924315016925
41,monarch_256,64,1,4.5618743896484375,24.43967728879776,41.5393703797936
42,monarch_256,64,2,3.76519775390625,29.610858499894636,42.37292569926183
43,monarch_256,64,3,3.538803100585937,31.50521087103687,42.64223961753405
44,monarch_256,64,4,4.2336273193359375,26.33456596565209,41.86367735875959
45,monarch_256,72,0,4.65478515625,23.95185474142453,41.45180720149548
46,monarch_256,72,1,3.94366455078125,28.270847197932305,42.17180394238807
47,monarch_256,72,2,3.2630615234375,34.16752553215368,42.994550985916746
48,monarch_256,72,3,3.889373779296875,28.665472706301443,42.23200678845253
49,monarch_256,72,4,4.58868408203125,24.29688684641066,41.5139220209533
50,monarch_256,80,0,3.974853515625,28.04901802714821,42.13759232536546
51,monarch_256,80,1,5.4752197265625,20.362787884868347,40.74678808292957
52,monarch_256,80,2,4.19647216796875,26.567729619664025,41.90196013756609
53,monarch_256,80,3,4.4393463134765625,25.114224041631005,41.65761335201567
54,monarch_256,80,4,3.889251708984375,28.66637241747291,42.23214309650132
55,monarch_256,88,0,4.699752807617188,23.722681272585007,41.41005344870709
56,monarch_256,88,1,5.0379791259765625,22.13005157964557,41.10823997128598
57,monarch_256,88,2,3.992141723632813,27.92755008045744,42.11874410241769
58,monarch_256,88,3,2.8451690673828125,39.185979910008,43.5897228245674
59,monarch_256,88,4,3.526275634765625,31.617136452933387,42.65764104527093
60,monarch_256,96,0,3.894363403320313,28.6287452834994,42.226438855142014
61,monarch_256,96,1,4.52996826171875,24.61181436020426,41.56985201638456
62,monarch_256,96,2,3.2914276123046875,33.8730639246756,42.95696052684634
63,monarch_256,96,3,5.0950469970703125,21.882180474320847,41.059321665442745
64,monarch_256,96,4,4.313262939453125,25.848351811627527,41.78274427026886
65,monarch_256,104,0,6.0358428955078125,18.471444642473426,40.32342433691129
66,monarch_256,104,1,5.486587524414063,20.3205977155984,40.73778049223744
67,monarch_256,104,2,5.150482177734375,21.64666026746301,41.012324721515945
68,monarch_256,104,3,4.99847412109375,22.30495451492765,41.14242912917227
69,monarch_256,104,4,4.899749755859375,22.75437389056709,41.22906460926059
70,monarch_256,112,0,5.195327758789063,21.459808329980238,40.974674096785925
71,monarch_256,112,1,5.7052764892578125,19.54168884276854,40.56803664813182
72,monarch_256,112,2,5.6245880126953125,19.82202743799052,40.6298964392731
73,monarch_256,112,3,6.091064453125,18.30398262455409,40.28387165817576
74,monarch_256,112,4,4.6009063720703125,24.232342260177436,41.50236965357287
75,monarch_256,120,0,20.36578369140625,5.47441432180608,35.041792341304195
76,monarch_256,120,1,17.851760864257812,6.2453636233869805,35.613993003125074
77,monarch_256,120,2,18.39179992675781,6.061980793561903,35.48456127007388
78,monarch_256,120,3,5.2841644287109375,21.099028885109284,40.90104037661461
79,monarch_256,120,4,19.662582397460938,5.670198128676936,35.194398052905974
80,monarch_256,128,0,889.22021484375,0.1253803456713247,18.640710338143013
81,monarch_256,128,1,683.4395141601562,0.1631318289403332,19.783802762418446
82,monarch_256,128,2,75.1527099609375,1.483522523312721,29.37135715268183
83,monarch_256,128,3,878.8564453125,0.1268588726972306,18.69162418786349
84,monarch_256,128,4,103.38836669921876,1.078368306556114,27.986086863514483
0,peppers_256,0,0,0.0,inf,inf
1,peppers_256,0,1,0.0,inf,inf
2,peppers_256,0,2,0.0,inf,inf
3,peppers_256,0,3,0.0,inf,inf
4,peppers_256,0,4,0.0,inf,inf
5,peppers_256,8,0,0.7053375244140625,157.19208220659817,49.64683371660399
6,peppers_256,8,1,1.3806915283203125,80.30285682709841,46.7298370076328
7,peppers_256,8,2,1.2696380615234375,87.3268354825916,47.09400427538706
8,peppers_256,8,3,1.3673858642578125,81.08426232801044,46.77189274924018
9,peppers_256,8,4,1.7199859619140625,64.4618482802672,45.77555458546488
10,peppers_256,16,0,2.64471435546875,41.92266506658051,43.90701588293581
11,peppers_256,16,1,1.307891845703125,84.77266257554191,46.96508528772909
12,peppers_256,16,2,2.283966064453125,48.54427386058444,44.54390714065657
13,peppers_256,16,3,2.4501495361328125,45.25171728746427,44.2388777008072
14,peppers_256,16,4,1.4574432373046875,76.0739569701094,46.49488711471437
15,peppers_256,24,0,2.249008178710937,49.29883100053599,44.61089326080312
16,peppers_256,24,1,1.8390960693359373,60.28693985579994,45.48475944684358
17,peppers_256,24,2,2.5771636962890625,43.021510151157216,44.01938355923068
18,peppers_256,24,3,1.7326812744140625,63.98953792502179,45.74361678992793
19,peppers_256,24,4,1.723480224609375,64.33115537848606,45.76674056235228
20,peppers_256,32,0,1.9933929443359373,55.62048086712237,45.13487444136422
21,peppers_256,32,1,2.0430450439453125,54.26873697654097,45.02802419041512
22,peppers_256,32,2,2.39190673828125,46.3535941207992,44.343361185947785
23,peppers_256,32,3,2.837158203125,39.07905946132002,43.601968076492206
24,peppers_256,32,4,2.6986846923828125,41.08426391346877,43.81928215236027
25,peppers_256,40,0,2.70709228515625,40.95666583996573,43.80577299685152
26,peppers_256,40,1,2.885482788085937,38.42458342807888,43.52861872783477
27,peppers_256,40,2,2.6339263916015625,42.09437077460505,43.92476726980167
28,peppers_256,40,3,3.2288360595703125,34.33852697242504,43.04034366092759
29,peppers_256,40,4,2.7342681884765625,40.54959736150408,43.76239251125051
30,peppers_256,48,0,3.505645751953125,31.6271186440678,42.68312332665453
31,peppers_256,48,1,3.51129150390625,31.576265883293644,42.67613475212656
32,peppers_256,48,2,2.62884521484375,42.17573309187157,43.93315345061361
33,peppers_256,48,3,3.1201629638671875,35.534513871568784,43.18903083368701
34,peppers_256,48,4,2.9576873779296875,37.48654267805092,43.42128092902482
35,peppers_256,56,0,3.4145050048828125,32.4713169149093,42.79752607236713
36,peppers_256,56,1,3.009017944335937,36.84706311898133,43.346555831966754
37,peppers_256,56,2,3.0634002685546875,36.19294391894921,43.26876614773924
38,peppers_256,56,3,3.709182739257813,29.8916181582574,42.43802130748711
39,peppers_256,56,4,2.303558349609375,48.13139382377489,44.50681143370844
40,peppers_256,64,0,3.5103912353515625,31.584363875039664,42.67724839306476
41,peppers_256,64,1,3.845916748046875,28.82888044245892,42.28080481967836
42,peppers_256,64,2,3.81390380859375,29.070862739449804,42.31710625467769
43,peppers_256,64,3,3.8864898681640634,28.527920535521485,42.23522821003472
44,peppers_256,64,4,3.8443756103515625,28.840437397050945,42.28254547549401
45,peppers_256,72,0,3.6743316650390634,30.17514046868576,42.47902005361055
46,peppers_256,72,1,4.479034423828125,24.753878543834187,41.61895960619884
47,peppers_256,72,2,4.177490234375,26.54069019928701,41.92164917541741
48,peppers_256,72,3,3.867263793945313,28.669746887884944,42.25676563672685
49,peppers_256,72,4,4.1807861328125,26.519767000496365,41.91822408987196
50,peppers_256,80,0,3.0196075439453125,36.717842470425936,43.331298591606064
51,peppers_256,80,1,3.7529449462890634,29.543059039735237,42.387081672777
52,peppers_256,80,2,3.4897003173828125,31.771631956134865,42.70292227918824
53,peppers_256,80,3,4.256622314453125,26.047289594998603,41.84015243466354
54,peppers_256,80,4,3.198959350585937,34.659231947034776,43.08071639360978
55,peppers_256,88,0,3.849075317382813,28.805223327373707,42.277239515650265
56,peppers_256,88,1,4.671920776367188,23.731882330270853,41.43584891206694
57,peppers_256,88,2,4.438873291015625,24.97784163956742,41.65807612733313
58,peppers_256,88,3,4.0934600830078125,27.08551491227089,42.00989801103604
59,peppers_256,88,4,4.4420928955078125,24.95973783736436,41.65492724353658
60,peppers_256,96,0,4.99163818359375,22.211841091669417,41.14837262671804
61,peppers_256,96,1,4.1736602783203125,26.565045242665203,41.92563264786128
62,peppers_256,96,2,3.669143676757813,30.217806629765327,42.48515642624803
63,peppers_256,96,3,4.562896728515625,24.298922530548367,41.538397213179856
64,peppers_256,96,4,4.0349884033203125,27.47801555758082,42.07238069983609
65,peppers_256,104,0,6.286712646484375,17.636160638437303,40.146567508276064
66,peppers_256,104,1,4.6757659912109375,23.712365915981085,41.43227593037834
67,peppers_256,104,2,4.947357177734375,22.410646763100267,41.1870709519355
68,peppers_256,104,3,5.9830474853515625,18.531270960584536,40.361579111690496
69,peppers_256,104,4,4.97808837890625,22.272299260676057,41.16017758243672
70,peppers_256,112,0,4.4517974853515625,24.905327451645743,41.64544961044135
71,peppers_256,112,1,4.869415283203125,22.769360934062835,41.25603546372823
72,peppers_256,112,2,4.5817413330078125,24.198981579850063,41.52049793871007
73,peppers_256,112,3,5.3077545166015625,20.888960439731036,40.88169532310536
74,peppers_256,112,4,4.752227783203125,23.330841697651568,41.36183111845674
75,peppers_256,120,0,20.132827758789062,5.507098925668378,35.09175582810396
76,peppers_256,120,1,5.469009399414063,20.273045084357047,40.75171691084393
77,peppers_256,120,2,20.60902404785156,5.379850781078206,34.9902293486591
78,peppers_256,120,3,4.5020751953125,24.62719286353407,41.59667616396977
79,peppers_256,120,4,5.0816192626953125,21.818532320008167,41.070782381907065
80,peppers_256,128,0,116.43399047851562,0.9522431865937988,27.47000578815763
81,peppers_256,128,1,885.2449340820312,0.1252460983988186,18.66016910731763
82,peppers_256,128,2,865.10009765625,0.1281625957753037,18.760139998254356
83,peppers_256,128,3,110.59597778320312,1.0025090997290569,27.69341028278293
84,peppers_256,128,4,118.51841735839844,0.9354957363783684,27.392945173942167
0,zelda_256,0,0,0.0,inf,inf
1,zelda_256,0,1,0.0,inf,inf
2,zelda_256,0,2,0.0,inf,inf
3,zelda_256,0,3,0.0,inf,inf
4,zelda_256,0,4,0.0,inf,inf
5,zelda_256,8,0,1.9482574462890625,53.37162929488334,45.23434016069062
6,zelda_256,8,1,1.9263763427734373,53.97786086006004,45.283392246924016
7,zelda_256,8,2,1.4437408447265625,72.02239555259625,46.53591117638507
8,zelda_256,8,3,1.2160797119140625,85.50564011192391,47.28118317748788
9,zelda_256,8,4,1.43682861328125,72.36887770273141,46.55675392834755
10,zelda_256,16,0,1.8195343017578125,57.14741079290536,45.53120113573456
11,zelda_256,16,1,2.418243408203125,42.99884529473378,44.295803482475705
12,zelda_256,16,2,2.119247436523437,49.065376889125695,44.86898694367996
13,zelda_256,16,3,2.510848999023437,41.41295403856555,44.13259765583416
14,zelda_256,16,4,2.215087890625,46.94245977074837,44.67689397958406
15,zelda_256,24,0,2.7001190185546875,38.51003362436778,43.81697453019172
16,zelda_256,24,1,2.4386749267578125,42.638595678915785,44.25926447772014
17,zelda_256,24,2,2.7547149658203125,37.746799754061584,43.73003692408045
18,zelda_256,24,3,2.2041168212890625,47.17611752244737,44.6984575186027
19,zelda_256,24,4,2.065887451171875,50.33269074525445,44.97973703251801
20,zelda_256,32,0,2.59747314453125,40.031857273774,43.98529294818552
21,zelda_256,32,1,3.1405487060546875,33.109397091619336,43.16074827701371
22,zelda_256,32,2,3.2003173828125,32.4910506541557,43.07887310432673
23,zelda_256,32,3,3.0733184814453125,33.83368005044362,43.2547279326776
24,zelda_256,32,4,1.9773712158203125,52.58581361072313,45.16992152935817
25,zelda_256,40,0,3.1385650634765625,33.130322963308686,43.16349224721724
26,zelda_256,40,1,3.3513641357421875,31.02667152320896,42.87858743073858
27,zelda_256,40,2,2.719589233398437,38.23433072810005,43.78577047694012
28,zelda_256,40,3,2.6469268798828125,39.28392392877114,43.90338416582816
29,zelda_256,40,4,2.5492706298828125,40.78879385164213,44.06664418366127
30,zelda_256,48,0,3.2766571044921875,31.734072525251584,42.97649365142722
31,zelda_256,48,1,3.3582000732421875,30.96351376526129,42.869737941055945
32,zelda_256,48,2,3.395370483398437,30.62454442092585,42.82193191937082
33,zelda_256,48,3,4.351715087890625,23.894412224661107,41.744199070379445
34,zelda_256,48,4,2.880645751953125,36.09665441293316,43.53590506763596
35,zelda_256,56,0,3.605194091796875,28.842184788589325,42.56151710196014
36,zelda_256,56,1,3.592025756835937,28.94791998538701,42.57740918726872
37,zelda_256,56,2,3.839569091796875,27.08159996820729,42.28797873884674
38,zelda_256,56,3,3.8327789306640634,27.129577801222208,42.29566590390365
39,zelda_256,56,4,3.2980499267578125,31.52822925775304,42.9482313504416
40,zelda_256,64,0,3.2310333251953125,32.1821732334037,43.0373892347119
41,zelda_256,64,1,3.4893341064453125,29.79986181382474,42.703378053955525
42,zelda_256,64,2,3.078231811523437,33.77967630802786,43.24779038850473
43,zelda_256,64,3,3.47735595703125,29.902510838467343,42.71831211668132
44,zelda_256,64,4,2.6883697509765625,38.67833811050884,43.83591360710315
45,zelda_256,72,0,4.199966430664063,24.75773935600129,41.89834541668968
46,zelda_256,72,1,4.3878326416015625,23.697730220718388,41.70830306280424
47,zelda_256,72,2,4.25048828125,24.46346568064331,41.84641537718353
48,zelda_256,72,3,3.5007781982421875,29.70244565809604,42.689157651931296
49,zelda_256,72,4,3.6455078125,28.523234496383605,42.51322327581418
50,zelda_256,80,0,4.248565673828125,24.47453615578557,41.848380249539545
51,zelda_256,80,1,4.519134521484375,23.00920092110505,41.58025091661332
52,zelda_256,80,2,4.038970947265625,25.74459572796168,42.06809631611664
53,zelda_256,80,3,4.4067230224609375,23.59614472349281,41.68964606386368
54,zelda_256,80,4,4.908294677734375,21.184888239500108,41.22149732429845
55,zelda_256,88,0,4.274826049804688,24.32418839570952,41.82161913650964
56,zelda_256,88,1,3.9277191162109375,26.4738060736499,42.189399384335886
57,zelda_256,88,2,4.90631103515625,21.193453380605835,41.22325284064354
58,zelda_256,88,3,3.742218017578125,27.786108053007137,42.39951275439624
59,zelda_256,88,4,4.4863128662109375,23.17753515977076,41.611908037629554
60,zelda_256,96,0,3.940475463867188,26.388103452949355,42.17531733236351
61,zelda_256,96,1,4.630645751953125,22.455113123364768,41.47438802473148
62,zelda_256,96,2,4.5845794677734375,22.68074420462299,41.51780855802225
63,zelda_256,96,3,5.1144561767578125,20.330934629349517,41.04280899161729
64,zelda_256,96,4,4.514251708984375,23.034088681273364,41.58494589738208
65,zelda_256,104,0,4.823944091796875,21.55532324082216,41.29678095061855
66,zelda_256,104,1,5.865249633789063,17.728431130247017,40.44793859800862
67,zelda_256,104,2,4.024703979492188,25.835856431720902,42.08346417729442
68,zelda_256,104,3,4.548873901367188,22.85877262130386,41.55176462881536
69,zelda_256,104,4,4.733673095703125,21.96638257270506,41.37882098325628
70,zelda_256,112,0,6.38531494140625,16.284502040777312,40.07898038134304
71,zelda_256,112,1,7.731338500976562,13.449375445299903,39.24825672477961
72,zelda_256,112,2,6.66070556640625,15.611210127463828,39.89560124585508
73,zelda_256,112,3,6.286041259765625,16.541678601424405,40.1470313359301
74,zelda_256,112,4,4.7569580078125,21.85885896481819,41.3575104317847
75,zelda_256,120,0,14.069610595703123,7.390515429481187,36.64798283225464
76,zelda_256,120,1,7.0143890380859375,14.824052904643295,39.6709051143984
77,zelda_256,120,2,7.186004638671875,14.470026032929743,39.56592867655702
78,zelda_256,120,3,7.78643798828125,13.354203083724611,39.21741531670233
79,zelda_256,120,4,12.684066772460938,8.19781825968436,37.098218412597056
80,zelda_256,128,0,378.4818115234375,0.2747336094587913,22.350353471634037
81,zelda_256,128,1,364.4097290039063,0.2853427499824553,22.51490397626479
82,zelda_256,128,2,443.7335205078125,0.2343336020126187,21.65958123447956
83,zelda_256,128,3,529.2216796875,0.1964803752101313,20.894427340149623
84,zelda_256,128,4,545.1740112304688,0.1907311648250568,20.76545216288213
